occ_mult,adr_mult,EBITDA_Year1
0.85,0.9,26920.498721107986
0.85,1.0,57381.15583260794
0.85,1.1,87841.81294410801
1.0,0.9,64494.70437777409
1.0,1.0,100330.77156777412
1.0,1.1,136166.83875777415
1.15,0.9,102068.91003444017
1.15,1.0,143280.3873029402
1.15,1.1,184491.86457144032
